<?xml version="1.0" encoding="UTF-8"?>
<project-private xmlns="http://www.netbeans.org/ns/project-private/1">
    <editor-bookmarks xmlns="http://www.netbeans.org/ns/editor-bookmarks/2" lastBookmarkId="0"/>
    <open-files xmlns="http://www.netbeans.org/ns/projectui-open-files/2">
        <group>
            <file>file:/Users/SaulUrias/Desktop/ITSON%205to/Diseño%20II/Tercer%20Parcial/Proyecto%20Final/LibreriaCocina/src/mx/itson/pou/persistencia/PersistenciaCocina.java</file>
            <file>file:/Users/SaulUrias/Desktop/ITSON%205to/Diseño%20II/Tercer%20Parcial/Proyecto%20Final/LibreriaCocina/src/mx/itson/pou/negocio/Comida.java</file>
            <file>file:/Users/SaulUrias/Desktop/ITSON%205to/Diseño%20II/Tercer%20Parcial/Proyecto%20Final/LibreriaCocina/src/mx/itson/pou/entidades/Main.java</file>
            <file>file:/Users/SaulUrias/Desktop/ITSON%205to/Diseño%20II/Tercer%20Parcial/Proyecto%20Final/LibreriaCocina/src/mx/itson/pou/entidades/Conexion.java</file>
        </group>
    </open-files>
</project-private>
